Year,Spring,Fall_lag,CVSpring,CVFall_lag
2010,22498.78763,18397.78584,0.2064,0.2352
2011,24538.33287,15431.13487,0.1655,0.1247
2012,16312.88723,28999.31023,0.2107,0.0491
2013,10273.87061,20024.50398,0.2227,0.1254
2014,23054.95924,14034.28689,0.2059,0.2377
2015,22349.28494,21362.7622,0.0941,0.1574
2016,17949.91839,22785.46664,0.1709,0.22
2017,26825.91751,28329.82618,0.1715,0.1927
2018,32318.225,46760.15156,0.0019,0.0548
2019,33098.36488,34391.95974,0.1966,0.0953
